{"1": {"id": 1, "label": "A", "start_t": 14.254514503875178, "end_t": 14.33130991116276, "start_ts": 1684917257850421195, "end_ts": 1684917257925546195}, "2": {"id": 2, "label": "B", "start_t": 14.33130991116276, "end_t": 14.482446078016418, "start_ts": 1684917257925546195, "end_ts": 1684917258075671195}, "39": {"id": 39, "label": "A", "start_t": 15.322205093259353, "end_t": 15.810556502809833, "start_ts": 1684917258916421195, "end_ts": 1684917259401800195}, "40": {"id": 40, "label": "B", "start_t": 15.810556502809833, "end_t": 16.017397785238057, "start_ts": 1684917259401800195, "end_ts": 1684917259612046195}, "41": {"id": 41, "label": "A", "start_t": 16.949470950039135, "end_t": 17.170044433790412, "start_ts": 1684917260542921195, "end_ts": 1684917260763171195}, "42": {"id": 42, "label": "B", "start_t": 17.170044433790412, "end_t": 17.341696950328362, "start_ts": 1684917260763171195, "end_ts": 1684917260933296195}, "9": {"id": 9, "label": "A", "start_t": 18.652687249817077, "end_t": 18.759145796944868, "start_ts": 1684917262244549195, "end_ts": 1684917262354546195}, "10": {"id": 10, "label": "B", "start_t": 18.759145796944868, "end_t": 19.231266310294195, "start_ts": 1684917262354546195, "end_ts": 1684917262825046195}, "11": {"id": 11, "label": "A", "start_t": 20.00656225133354, "end_t": 20.089877636042242, "start_ts": 1684917263600796195, "end_ts": 1684917263685796195}, "12": {"id": 12, "label": "B", "start_t": 20.089877636042242, "end_t": 20.155835648936634, "start_ts": 1684917263685796195, "end_ts": 1684917263750921195}, "13": {"id": 13, "label": "A", "start_t": 21.072304880732393, "end_t": 21.14520584235251, "start_ts": 1684917264666796195, "end_ts": 1684917264736795195}, "14": {"id": 14, "label": "B", "start_t": 21.14520584235251, "end_t": 21.192649325311635, "start_ts": 1684917264736795195, "end_ts": 1684917264786920195}, "15": {"id": 15, "label": "A", "start_t": 22.367164818080195, "end_t": 22.499080843868963, "start_ts": 1684917265962920195, "end_ts": 1684917266093045195}, "16": {"id": 16, "label": "B", "start_t": 22.499080843868963, "end_t": 22.747869839874127, "start_ts": 1684917266093045195, "end_ts": 1684917266343295195}, "18": {"id": 18, "label": "A", "start_t": 23.612280992678507, "end_t": 23.671531446837516, "start_ts": 1684917267204046195, "end_ts": 1684917267264170195}, "19": {"id": 19, "label": "B", "start_t": 23.671531446837516, "end_t": 23.796027936826373, "start_ts": 1684917267264170195, "end_ts": 1684917267389295195}, "20": {"id": 20, "label": "A", "start_t": 25.11540858568842, "end_t": 25.29069117924213, "start_ts": 1684917268710545195, "end_ts": 1684917268885670195}, "21": {"id": 21, "label": "B", "start_t": 25.29069117924213, "end_t": 25.805605840385834, "start_ts": 1684917268885670195, "end_ts": 1684917269401171195}, "22": {"id": 22, "label": "A", "start_t": 27.58100337750736, "end_t": 27.672700508943947, "start_ts": 1684917271172805195, "end_ts": 1684917271267921195}, "23": {"id": 23, "label": "B", "start_t": 27.672700508943947, "end_t": 27.802487218054157, "start_ts": 1684917271267921195, "end_ts": 1684917271398046195}, "24": {"id": 24, "label": "A", "start_t": 30.003571053806095, "end_t": 30.0956208665174, "start_ts": 1684917273595053195, "end_ts": 1684917273690171195}, "25": {"id": 25, "label": "B", "start_t": 30.0956208665174, "end_t": 30.27548831664295, "start_ts": 1684917273690171195, "end_ts": 1684917273870296195}, "26": {"id": 26, "label": "A", "start_t": 31.97400133586765, "end_t": 32.20571293338234, "start_ts": 1684917275566921195, "end_ts": 1684917275797051195}, "27": {"id": 27, "label": "B", "start_t": 32.20571293338234, "end_t": 32.57602827187612, "start_ts": 1684917275797051195, "end_ts": 1684917276167421195}, "28": {"id": 28, "label": "A", "start_t": 33.76385880525429, "end_t": 33.931382410763376, "start_ts": 1684917277358546195, "end_ts": 1684917277523671195}, "29": {"id": 29, "label": "B", "start_t": 33.931382410763376, "end_t": 34.009324972484485, "start_ts": 1684917277523671195, "end_ts": 1684917277603796195}, "30": {"id": 30, "label": "A", "start_t": 34.928765055773255, "end_t": 35.09840474893093, "start_ts": 1684917278524671195, "end_ts": 1684917278689796195}, "31": {"id": 31, "label": "B", "start_t": 35.09840474893093, "end_t": 35.60908723477761, "start_ts": 1684917278689796195, "end_ts": 1684917279200296195}, "32": {"id": 32, "label": "A", "start_t": 37.52238315032884, "end_t": 37.58445505468588, "start_ts": 1684917281117046195, "end_ts": 1684917281177046195}, "33": {"id": 33, "label": "B", "start_t": 37.58445505468588, "end_t": 37.708246182125265, "start_ts": 1684917281177046195, "end_ts": 1684917281302176195}, "34": {"id": 34, "label": "A", "start_t": 39.04067603815336, "end_t": 39.09957381103758, "start_ts": 1684917282633428195, "end_ts": 1684917282693546195}, "35": {"id": 35, "label": "B", "start_t": 39.09957381103758, "end_t": 39.2780305360641, "start_ts": 1684917282693546195, "end_ts": 1684917282873671195}, "36": {"id": 36, "label": "A", "start_t": 40.08214384250775, "end_t": 40.15338546000846, "start_ts": 1684917283674421195, "end_ts": 1684917283749421195}, "37": {"id": 37, "label": "B", "start_t": 40.15338546000846, "end_t": 40.43376707343943, "start_ts": 1684917283749421195, "end_ts": 1684917284029671195}}