{"1": {"id": 1, "label": "E", "start_t": 2.5933330763287574, "end_t": 2.7674735218473536, "start_ts": 1676312541206640469, "end_ts": 1676312541381892469}, "2": {"id": 2, "label": "A", "start_t": 3.9695293042948596, "end_t": 4.08790001679865, "start_ts": 1676312542582899469, "end_ts": 1676312542703025469}, "3": {"id": 3, "label": "B", "start_t": 4.08790001679865, "end_t": 4.2835231943048955, "start_ts": 1676312542703025469, "end_ts": 1676312542898276469}, "4": {"id": 4, "label": "A", "start_t": 5.038603739328992, "end_t": 5.114610196831423, "start_ts": 1676312543653906469, "end_ts": 1676312543729032469}, "5": {"id": 5, "label": "B", "start_t": 5.114610196831423, "end_t": 5.2878052393369535, "start_ts": 1676312543729032469, "end_ts": 1676312543904158469}, "6": {"id": 6, "label": "A", "start_t": 5.813620404353735, "end_t": 5.914547011856958, "start_ts": 1676312544429661469, "end_ts": 1676312544529786469}, "7": {"id": 7, "label": "B", "start_t": 5.914547011856958, "end_t": 6.110170189363197, "start_ts": 1676312544529786469, "end_ts": 1676312544724913469}, "8": {"id": 8, "label": "A", "start_t": 6.384291839371946, "end_t": 6.454068259374174, "start_ts": 1676312545000164469, "end_ts": 1676312545070290469}, "9": {"id": 9, "label": "B", "start_t": 6.454068259374174, "end_t": 6.622279271879542, "start_ts": 1676312545070290469, "end_ts": 1676312545235416469}, "11": {"id": 11, "label": "A", "start_t": 6.721959871882728, "end_t": 7.029723724392546, "start_ts": 1676312545335542469, "end_ts": 1676312545645793469}, "12": {"id": 12, "label": "B", "start_t": 7.029723724392546, "end_t": 7.251513059399623, "start_ts": 1676312545645793469, "end_ts": 1676312545866045469}, "14": {"id": 14, "label": "A", "start_t": 7.346209629402647, "end_t": 7.510682619407895, "start_ts": 1676312545961046469, "end_ts": 1676312546126296469}, "15": {"id": 15, "label": "B", "start_t": 7.510682619407895, "end_t": 7.69509172941378, "start_ts": 1676312546126296469, "end_ts": 1676312546311423469}, "16": {"id": 16, "label": "A", "start_t": 7.828414531918053, "end_t": 7.913143041920766, "start_ts": 1676312546441549469, "end_ts": 1676312546526685469}, "17": {"id": 17, "label": "B", "start_t": 7.913143041920766, "end_t": 8.017807671924105, "start_ts": 1676312546526685469, "end_ts": 1676312546631675469}, "18": {"id": 18, "label": "A", "start_t": 8.18352666942939, "end_t": 8.268255179432098, "start_ts": 1676312546796926469, "end_ts": 1676312546881926469}, "19": {"id": 19, "label": "B", "start_t": 8.268255179432098, "end_t": 8.404069996936432, "start_ts": 1676312546881926469, "end_ts": 1676312547017052469}, "20": {"id": 20, "label": "A", "start_t": 8.684421684445383, "end_t": 8.752952096947572, "start_ts": 1676312547297304469, "end_ts": 1676312547367429469}, "21": {"id": 21, "label": "B", "start_t": 8.752952096947572, "end_t": 8.896242959452145, "start_ts": 1676312547367429469, "end_ts": 1676312547512555469}, "22": {"id": 22, "label": "A", "start_t": 10.194582774493574, "end_t": 10.261867179495724, "start_ts": 1676312548808688469, "end_ts": 1676312548878814469}, "23": {"id": 23, "label": "B", "start_t": 10.261867179495724, "end_t": 10.420110132000774, "start_ts": 1676312548878814469, "end_ts": 1676312549033940469}, "24": {"id": 24, "label": "A", "start_t": 12.184456752057075, "end_t": 12.245511119559024, "start_ts": 1676312550800576469, "end_ts": 1676312550860701469}, "25": {"id": 25, "label": "B", "start_t": 12.245511119559024, "end_t": 12.414968139564431, "start_ts": 1676312550860701469, "end_ts": 1676312551030827469}, "26": {"id": 26, "label": "A", "start_t": 13.99116762711473, "end_t": 14.048483972116566, "start_ts": 1676312552607212469, "end_ts": 1676312552662337469}, "27": {"id": 27, "label": "B", "start_t": 14.048483972116566, "end_t": 14.181806774620828, "start_ts": 1676312552662337469, "end_ts": 1676312552797463469}, "28": {"id": 28, "label": "A", "start_t": 14.812286569640946, "end_t": 14.897015079643662, "start_ts": 1676312553427967469, "end_ts": 1676312553513093469}, "29": {"id": 29, "label": "B", "start_t": 14.897015079643662, "end_t": 15.047781987148477, "start_ts": 1676312553513093469, "end_ts": 1676312553663219469}, "30": {"id": 30, "label": "A", "start_t": 15.998485709678823, "end_t": 16.060786084680824, "start_ts": 1676312554614099469, "end_ts": 1676312554674225469}, "31": {"id": 31, "label": "B", "start_t": 16.060786084680824, "end_t": 16.191616872185012, "start_ts": 1676312554674225469, "end_ts": 1676312554804351469}, "32": {"id": 32, "label": "A", "start_t": 18.03196994974376, "end_t": 18.107976407246163, "start_ts": 1676312556645987469, "end_ts": 1676312556721112469}, "33": {"id": 33, "label": "B", "start_t": 18.107976407246163, "end_t": 18.251267269750716, "start_ts": 1676312556721112469, "end_ts": 1676312556866238469}, "34": {"id": 34, "label": "A", "start_t": 20.006891837306764, "end_t": 20.082898294809137, "start_ts": 1676312558622874469, "end_ts": 1676312558697875469}, "35": {"id": 35, "label": "B", "start_t": 20.082898294809137, "end_t": 20.170118819811904, "start_ts": 1676312558697875469, "end_ts": 1676312558783000469}, "36": {"id": 36, "label": "A", "start_t": 20.29347356231582, "end_t": 20.384432109818686, "start_ts": 1676312558908126469, "end_ts": 1676312558998251469}, "37": {"id": 37, "label": "B", "start_t": 20.384432109818686, "end_t": 20.49906479982232, "start_ts": 1676312558998251469, "end_ts": 1676312559113252469}, "38": {"id": 38, "label": "A", "start_t": 20.899033207335066, "end_t": 20.99248376983802, "start_ts": 1676312559513630469, "end_ts": 1676312559608755469}, "39": {"id": 39, "label": "B", "start_t": 20.99248376983802, "end_t": 21.184368924844144, "start_ts": 1676312559608755469, "end_ts": 1676312559798881469}, "40": {"id": 40, "label": "A", "start_t": 22.354369967381462, "end_t": 22.404210267383075, "start_ts": 1676312560970014469, "end_ts": 1676312561020014469}, "41": {"id": 41, "label": "B", "start_t": 22.404210267383075, "end_t": 22.547501129887635, "start_ts": 1676312561020014469, "end_ts": 1676312561160265469}, "42": {"id": 42, "label": "A", "start_t": 23.989131807433644, "end_t": 24.050186174935583, "start_ts": 1676312562601523469, "end_ts": 1676312562666649469}, "43": {"id": 43, "label": "B", "start_t": 24.050186174935583, "end_t": 24.18475498493985, "start_ts": 1676312562666649469, "end_ts": 1676312562801775469}, "44": {"id": 44, "label": "A", "start_t": 24.374148124945883, "end_t": 24.451400589948324, "start_ts": 1676312562986901469, "end_ts": 1676312563067026469}, "45": {"id": 45, "label": "B", "start_t": 24.451400589948324, "end_t": 24.618365594953648, "start_ts": 1676312563067026469, "end_ts": 1676312563232152469}, "46": {"id": 46, "label": "A", "start_t": 26.848719020024816, "end_t": 26.98702585252918, "start_ts": 1676312565464166469, "end_ts": 1676312565599292469}, "47": {"id": 47, "label": "B", "start_t": 26.98702585252918, "end_t": 27.18763306003558, "start_ts": 1676312565599292469, "end_ts": 1676312565804543469}, "48": {"id": 48, "label": "A", "start_t": 29.785558697618516, "end_t": 29.881501275121533, "start_ts": 1676312568401934469, "end_ts": 1676312568497059469}, "49": {"id": 49, "label": "B", "start_t": 29.881501275121533, "end_t": 30.029776167626267, "start_ts": 1676312568497059469, "end_ts": 1676312568642185469}, "50": {"id": 50, "label": "A", "start_t": 31.326869975167675, "end_t": 31.40287643267009, "start_ts": 1676312569943318469, "end_ts": 1676312570018443469}, "51": {"id": 51, "label": "B", "start_t": 31.40287643267009, "end_t": 31.562365392675165, "start_ts": 1676312570018443469, "end_ts": 1676312570178574469}, "52": {"id": 52, "label": "A", "start_t": 33.56719146023919, "end_t": 33.64319791774161, "start_ts": 1676312572180457469, "end_ts": 1676312572255457469}, "53": {"id": 53, "label": "B", "start_t": 33.64319791774161, "end_t": 33.76655266024558, "start_ts": 1676312572255457469, "end_ts": 1676312572380583469}, "54": {"id": 54, "label": "A", "start_t": 35.58323159530366, "end_t": 35.659238052806074,