{"1": {"id": 1, "label": "E", "start_t": 0.09539681519828445, "end_t": 0.211469742067663, "start_ts": 1676312217355284992, "end_ts": 1676312217470410992}, "2": {"id": 2, "label": "A", "start_t": 2.6143665396384965, "end_t": 2.700055524113827, "start_ts": 1676312219872677992, "end_ts": 1676312219957678992}, "3": {"id": 3, "label": "B", "start_t": 2.700055524113827, "end_t": 2.856848134004851, "start_ts": 1676312219957678992, "end_ts": 1676312220117804992}, "4": {"id": 4, "label": "A", "start_t": 6.231535586426778, "end_t": 6.351864798668732, "start_ts": 1676312223490953992, "end_ts": 1676312223611079992}, "5": {"id": 5, "label": "B", "start_t": 6.351864798668732, "end_t": 6.515950088089572, "start_ts": 1676312223611079992, "end_ts": 1676312223776205992}, "6": {"id": 6, "label": "A", "start_t": 7.183230265067649, "end_t": 7.28532777848506, "start_ts": 1676312224441835992, "end_ts": 1676312224546960992}, "7": {"id": 7, "label": "B", "start_t": 7.28532777848506, "end_t": 7.453059407670806, "start_ts": 1676312224546960992, "end_ts": 1676312224712086992}, "8": {"id": 8, "label": "A", "start_t": 12.53970337971681, "end_t": 12.610807005132502, "start_ts": 1676312229796872992, "end_ts": 1676312229871873992}, "9": {"id": 9, "label": "B", "start_t": 12.610807005132502, "end_t": 12.734782557139352, "start_ts": 1676312229871873992, "end_ts": 1676312229991999992}, "10": {"id": 10, "label": "A", "start_t": 17.520603498580478, "end_t": 17.606292483055775, "start_ts": 1676312234781532992, "end_ts": 1676312234866533992}, "11": {"id": 11, "label": "B", "start_t": 17.606292483055775, "end_t": 17.768554602594158, "start_ts": 1676312234866533992, "end_ts": 1676312235026659992}, "12": {"id": 12, "label": "A", "start_t": 21.910796575529066, "end_t": 21.96366850212022, "start_ts": 1676312239170563992, "end_ts": 1676312239220563992}, "13": {"id": 13, "label": "B", "start_t": 21.96366850212022, "end_t": 22.074881864949887, "start_ts": 1676312239220563992, "end_ts": 1676312239335689992}, "14": {"id": 14, "label": "A", "start_t": 28.14239123375595, "end_t": 28.202555839876922, "start_ts": 1676312245401355992, "end_ts": 1676312245461356992}, "15": {"id": 15, "label": "B", "start_t": 28.202555839876922, "end_t": 28.313769202706595, "start_ts": 1676312245461356992, "end_ts": 1676312245571482992}, "16": {"id": 16, "label": "A", "start_t": 28.618238573076372, "end_t": 28.703927557551687, "start_ts": 1676312245876734992, "end_ts": 1676312245961859992}, "17": {"id": 17, "label": "B", "start_t": 28.703927557551687, "end_t": 28.82790310955853, "start_ts": 1676312245961859992, "end_ts": 1676312246086985992}, "18": {"id": 18, "label": "A", "start_t": 33.75957764159587, "end_t": 33.94554096960609, "start_ts": 1676312251016518992, "end_ts": 1676312251206770992}, "19": {"id": 19, "label": "B", "start_t": 33.94554096960609, "end_t": 34.222662791739054, "start_ts": 1676312251206770992, "end_ts": 1676312251482022992}, "20": {"id": 20, "label": "A", "start_t": 35.33844275980072, "end_t": 35.41136955509885, "start_ts": 1676312252598029992, "end_ts": 1676312252673030992}, "21": {"id": 21, "label": "B", "start_t": 35.41136955509885, "end_t": 35.5626926553425, "start_ts": 1676312252673030992, "end_ts": 1676312252823281992}, "22": {"id": 22, "label": "A", "start_t": 35.785119381001834, "end_t": 35.86351568594735, "start_ts": 1676312253043408992, "end_ts": 1676312253123538992}, "23": {"id": 23, "label": "B", "start_t": 35.86351568594735, "end_t": 36.07864973207689, "start_ts": 1676312253123538992, "end_ts": 1676312253338659992}, "24": {"id": 24, "label": "A", "start_t": 39.40046525790747, "end_t": 39.460629864028434, "start_ts": 1676312256661807992, "end_ts": 1676312256721808992}, "25": {"id": 25, "label": "B", "start_t": 39.460629864028434, "end_t": 39.5791359063879, "start_ts": 1676312256721808992, "end_ts": 1676312256836933992}, "26": {"id": 26, "label": "A", "start_t": 44.277444693471004, "end_t": 44.33031662006214, "start_ts": 1676312261536340992, "end_ts": 1676312261591340992}, "27": {"id": 27, "label": "B", "start_t": 44.33031662006214, "end_t": 44.46705436124614, "start_ts": 1676312261591340992, "end_ts": 1676312261726466992}, "28": {"id": 28, "label": "A", "start_t": 48.56371708711958, "end_t": 48.65852192100714, "start_ts": 1676312265825243992, "end_ts": 1676312265915369992}, "29": {"id": 29, "label": "B", "start_t": 48.65852192100714, "end_t": 48.81531453089815, "start_ts": 1676312265915369992, "end_ts": 1676312266075495992}, "30": {"id": 30, "label": "A", "start_t": 52.07331911084291, "end_t": 52.15900809531822, "start_ts": 1676312269333517992, "end_ts": 1676312269418642992}, "31": {"id": 31, "label": "B", "start_t": 52.15900809531822, "end_t": 52.344971423328474, "start_ts": 1676312269418642992, "end_ts": 1676312269603768992}, "32": {"id": 32, "label": "A", "start_t": 60.20283361670383, "end_t": 60.25388237341252, "start_ts": 1676312277461070992, "end_ts": 1676312277511195992}, "33": {"id": 33, "label": "B", "start_t": 60.25388237341252, "end_t": 60.417967662833334, "start_ts": 1676312277511195992, "end_ts": 1676312277676321992}, "34": {"id": 34, "label": "A", "start_t": 65.00506308708675, "end_t": 65.05428867391299, "start_ts": 1676312282265601992, "end_ts": 1676312282315601992}, "35": {"id": 35, "label": "B", "start_t": 65.05428867391299, "end_t": 65.2238434729812, "start_ts": 1676312282315601992, "end_ts": 1676312282480728992}, "36": {"id": 36, "label": "A", "start_t": 66.72248911635816, "end_t": 66.80817810083347, "start_ts": 1676312283982113992, "end_ts": 1676312284067238992}, "37": {"id": 37, "label": "B", "start_t": 66.80817810083347, "end_t": 66.98502557943148, "start_ts": 1676312284067238992, "end_ts": 1676312284242364992}, "38": {"id": 38, "label": "A", "start_t": 69.37155495556333, "end_t": 69.43354273156672, "start_ts": 1676312286629630992, "end_ts": 1676312286694630992}, "39": {"id": 39, "label": "B", "start_t": 69.43354273156672, "end_t": 69.54475609439636, "start_ts": 1676312286694630992, "end_ts": 1676312286804756992}, "40": {"id": 40, "label": "A", "start_t": 69.6377377584015, "end_t": 69.70701821393472, "start_ts": 1676312286894882992, "end_ts": 1676312286964882992}, "41": {"id": 41, "label": "B", "start_t": 69.70701821393472, "end_t": 69.85104863464855, "start_ts": 1676312286964882992, "end_ts": 1676312287110133992}, "42": {"id": 42, "label": "A", "start_t": 72.37796209172936, "end_t": 72.46729741596954, "start_ts": 1676312289637399992, "end_ts": 1676312289727525992}, "43": {"id": 43, "label": "B", "start_t": 72.46729741596954, "end_t": 72.64232172468509, "start_ts": 1676312289727525992, "end_ts": 1676312289902651992}, "44": {"id": 44, "label": "A", "start_t": 76.50926504536932, "end_t": 76.57307599125518, "start_ts": 1676312293766301992, "end_ts": 1676312293831301992}, "45": {"id": 45, "label": "B", "start_t": 76.57307599125518, "end_t": 76.70799056255672, "start_ts": 1676312293831301992, "end_ts": 1676312293966427992}, "46": {"id": 46, "label": "A", "start_t": 76.8465514736232, "end_t": 76.93770996774583, "start_ts": 1676312294106553992, "end_ts": 1676312294196679992}, "47": {"id": 47, "label": "B", "start_t": 76.93770996774583, "end_t": 77.10544159693153, "start_ts": 1676312294196679992, "end_ts": 1676312294366805992}, "48": {"id": 48, "label": "A", "start_t": 78.98512974574126, "end_t": 79.08358091939373, "start_ts": 1676312296243567992, "end_ts": 1676312296343693992}, "49": {"id": 49, "label": "B", "start_t": 79.08358091939373, "end_t": 79.23672718951983, "start_ts": 1676312296343693992, "end_ts": 1676312296493818992}, "50": {"id": 50, "label": "A", "start_t": 81.78734185507247, "end_t": 81.88579302872493, "start_ts": 1676312299046210992, "end_ts": 1676312299146211992}, "51": {"id": 51, "label": "B", "start_t": 81.88579302872493, "end_t": 82.0207076000265, "start_ts": 1676312299146211992, "end_ts": 1676312299281337992}, "52": {"id": 52, "label": "A", "start_t": 84.67341977899663, "end_t": 84.7518160839421, "start_ts": 1676312301933854992,